channel_id,channel_name,sector
UCIEv3lZ_tNXHzL3ox-_uUGQ,Gordon Ramsay,Comedy
UCo8bcnLyZH8tBIH9V1mLgqQ,TheOdd1sOut,Comedy
UCGmnsW623G1r-Chmo5RB4Yw,KSI,Comedy
UCPDis9pjXuqyI7RYLJ-TTSA,FailArmy,Comedy
UCGwu0nbY2wSkW8N-cghnLpA,JaidenAnimations,Comedy
UCUsN5ZwHx2kILm84-jPDeXw,Comedy Central,Comedy
UCtHaxi4GTYDpJgMSGy7AeSw,Michael Reeves,Comedy
UC_zEzzq54Rm0iy7lmmZbCIg,America's Funniest Home Videos,Comedy
UCn1XB-jvmd9fXMzhiA6IR0w,Domics,Comedy
UCBa659QWEk1AI4Tg--mrJ2A,Tom Scott,Comedy
UCaFUrR3oSxOl5Y9y6tvLTEg,WillNE,Comedy
UC8bTQzxgvKkXDAaWkeuUlkg,Trevor Noah,Comedy
UCAzKFALPuF_EPe-AEI0WFFw,TwoSetViolin,Comedy
UCtMVHI3AJD4Qk4hcbZnI9ZQ,SomeOrdinaryGamers,Comedy
UCz7iJPVTBGX6DNO1RNI2Fcg,GradeAUnderA,Comedy
UCarEovlrD9QY-fy-Z6apIDQ,Hasan Minhaj,Comedy
UCOkL7q2SeGZeZuj22njMYEA,Caddicarus,Comedy
UCnNZkGsAg0chPOqvl7dvpDA,Jukin Media,Comedy
UCK7lKOYd46F7G5JGFadC_ew,ComingSoon.net,Comedy
UC9nx3aMwiFvKiDdFBZ28hsQ,Nicholas,Comedy
UCizh9-F6U6who-cVcjNjLTg,StephenCOlbert,Comedy
UCGJg_klhvb1-Wcl4zgy8gwQ,OverLord,Comedy
UCv3iEi1J14H3H7aevnmJYXg,Quentin Reviews,Comedy
UCxtM64AVo2oij76zH3w2s-w,scottishtwins,Comedy
UCY1kMZp36IQSyNx_9h4mpCg,Mark Rober,Education
UCAuUUnT6oDeKwE6v1NGQxug,TED,Education
UC8butISFwT-Wl7EV0hUK0BQ,freeCodeCamp.org,Education
UCC552Sd-3nyi_tk2BudLUzA,AsapSCIENCE,Education
UCFhXFikryT4aFcLkLw2LBLA,NileRed,Education
UCNIuvl7V8zACPpTmmNIqP2A,OverSimplified,Education
UC4a-Gbdw7vOaccHmFo40b9g,Khan Academy,Education
UCvQECJukTDE2i6aCoMnS-Vg,Big Think,Education
UCP5tjEmvPItGyLhmjdwP7Ww,RealLifeLore,Education
UCEBb1b_L6zDS3xTUrIALZOw,MIT OpenCourseWare,Education
UCj1VqrHhDte54oLgPG4xpuQ,Stuff Made Here,Education
UCm9K6rby98W8JigLoZOh6FQ,LockPickingLawyer,Education
UCsBjURrPoezykLs9EqgamOA,Fireship,Education
UCHsRtomD4twRf5WVHHk-cMw,TierZoo,Education
UCmmPgObSUPw1HL2lq6H4ffA,Geography Now,Education
UCeiYXex_fwgYDonaTcSIk6w,MinuteEarth,Education
UC64UiPJwM_e9AqAd7RiD7JA,Today I Found Out,Education
UCuCkxoKLYO_EQ2GeFtbM_bw,Half as Interesting,Education
UC-9b7aDP6ZN0coj9-xFnrtw,Astrum,Education
UCdp4_l1vPmpN-gDbUwhaRUQ,Branch Education,Education
UC29ju8bIPH5as8OGnQzwJyA,Traversy Media,Education
UC22BdTgxefuvUivrjesETjg,History Matters,Education
UC3VWbWk8qDBiF0741izgpQg,Med School Insiders,Education
UC1yNl2E66ZzKApQdRuTQ4tw,Sabine Hossenfelder,Education
UC1znqKFL3jeR0eoA0pHpzvw,SpaceRip,Education
UC8rtn6Tyl4SQnHOStFFz2EA,ActionLab,Education
UCke6I9N4KfC968-yRcd5YRg,SSundee,Gaming
UCzYfz8uibvnB7Yc1LjePi4g,Aphmau,Gaming
UCw1SQ6QRRtfAhrN_cjkrOgA,LazarBeam,Gaming
UCKy1dAqELo0zrOtPkf0eTMw,IGN,Gaming
UCq6VFHwMzcMXbuKyG7SQYIg,penguinz0,Gaming
UC-2Y8dQb0S6DtpxNgAKoJKA,PlayStation,Gaming
UC5p_l5ZeB_wGjO_yDXwiqvw,TommyInnit,Gaming
UChd1FPXykD4pust3ljzq6hQ,Thinknoodles,Gaming
UCshoKvlZGZ20rVgazZp5vnQ,CaptainSparklez,Gaming
UCGIY_O-8vW4rfX98KlMkvRg,Nintendo of America,Gaming
UCA2tt9GSU2sl8rAqjlLR3mQ,GeorgeNotFound,Gaming
UC_8NknAFiyhOUaZqHR3lq3Q,Quackity,Gaming
UCjBp_7RuDBUYbd1LegWEJ8g,Xbox,Gaming
UCbu2SsF-Or3Rsn3NxqODImw,GameSpot,Gaming
UCBODyKF0JMbUd6D9Bklyzbw,Jacob Alpharad,Gaming
UCdoPCztTOW7BJUPk2h5ttXA,Call Me Kevin,Gaming
UC0VVYtw21rg2cokUystu2Dw,SmallAnt,Gaming
UC0PMQXAwF6O6aeTpv962miA,MrBossFTW,Gaming
UClyGlKOhDUooPJFy4v_mqPg,DougDoug,Gaming
UCRC6cNamj9tYAO6h_RXd5xA,RTGame,Gaming
UCvsdQrg8SkOvS2WiVXA5S4A,Ph1LzA,Gaming
UC7WDD6yHgzdqijHluCi1z-Q,The Act Man,Gaming
UC3tNpTOHsTnkmbwztCs30sA,Northernlion,Gaming
UC3GriadTkHBnfgd2UFETGOA,Blizzard Entertainment,Gaming
UCcDG6An0m2QST7KuBZfUUjg,BadBoyHaloVODS,Gaming
UCsAozDkhFGHxKl2D2LKIhCw,GINX TV,Gaming
UCsTcErHg8oDvUnTzoqsYeNw,Unbox Therapy,Lifestyle
UCucot-Zp428OwkyRm2I7v2Q,James Charles,Lifestyle
UCBJycsmduvYEL83R_U4JriQ,Marques Brownlee,Lifestyle
UCXuqSBlHAE6Xw-yeJA0Tunw,Linus Tech Tips,Lifestyle
UCzTKskwIc_-a0cGvCXA848Q,NikkieTutorials,Lifestyle
UCWFKCr40YwOZQx8FHU_ZqqQ,JerryRigEverything,Lifestyle
UCey_c7U86mJGz1VJWH5CYPA,iJustine,Lifestyle
UC8gFadPgK2r1ndqLI04Xvvw,Maangchi,Lifestyle
UC3DkFux8Iv-aYnTRWzwaiBA,Peter McKinnon,Lifestyle
UCrUbqTCagwsaP2Fmr0p1TsA,Zoe Sugg,Lifestyle
UCVYamHliCI9rw1tHR1xbkfw,Dave2D,Lifestyle
UCnQhwPVwcP-DnbUZtIMrupw,bestdressed,Lifestyle
UClHVl2N3jPEbkNJVx-ItQIQ,HealthyGamerGG,Lifestyle
UCfyehHM_eo4g5JUyWmms2LA,Sorted Food,Lifestyle
UC3KEoMzNz8eYnwBC34RaKCQ,Simone Giertz,Lifestyle
UC19OYOBqkgVqgTIQxbsPdlw,ThatDudeCanCook,Lifestyle
UCn5fhcGRrCvrmFibPbT6q1A,Brian Lagerstrom ,Lifestyle
UCxD2E-bVoUbaVFL0Q3PvJTg,ChefSteps,Lifestyle
UC1rIOwTqDuWkFj87HZYRFOg,NYT Cooking,Lifestyle
UCvcEBQ0K3UsQ8bzWKHKQmbw,struthless,Lifestyle
UCSyUORYTXiiyAn9yyB6pOmg,ABC Entertainment,Lifestyle
UCiiNkmFM_S_r8nEWSMbCCAw,lauraao,Lifestyle
UCvgfXK4nTYKudb0rFR6noLA,UFC,Sports
UCTl3QQTvqHFjurroKxexy2Q,Olympics,Sports
UCLzKhsxrExAC6yAdtZ-BOWw,Juventus,Sports
UCTv-XvfzLX3i4IGWAm4sbmA,LALIGA EA SPORTS,Sports
UCBJeMCIeLQos7wacox4hmLQ,Serie A,Sports
UCt9a_qP9CqHCNwilf-iULag,PSG - Paris Saint-Germain,Sports
UCG5qGWdu8nIRZqJ_GgDwQ-w,Premier League,Sports
UC6UL29enLNe4mqwTfAyeNuw,Bundesliga,Sports
UCqZQlzSHbVJrwrn5XvzrzcA,NBC Sports,Sports
UCEg25rdRZXg32iwai6N6l0w,Tottenham Hotspur,Sports
UCNa8NxMgSm7m4Ii9d4QGk1Q,Wimbledon,Sports
UCaBIVVpHjq6j3tSyxwTE-8Q,WTA,Sports
UCQk7fWv15ChjMJLCRVmtApw,World Athletics,Sports
UCKcx1uK38H4AOkmfv4ywlrg,AC Milan,Sports
UCSZbXT5TLLW_i-5W8FZpFsg,Major League Soccer,Sports
UCwNqHDsnBCKT-olwJwIFyfg,FOX Sports,Sports
UCY3NEq2LYrmdoGkevo9BH5A,NFL Films,Sports
UCja8sZ2T4ylIqjggA1Zuukg,CBS Sports,Sports
UCF3K1Jf8hjFW8qliei8fQ3A,Roland-Garros,Sports
UCpGimyrbwRtrcJ-CIiRDXbA,NBA G League,Sports
UCdi3n18zcIZeTk_x9qvSgZw,DAZN,Sports
UC0oyi_CF3v9fsKmBM2m6wPA,IPL,Sports
UCLcSuj4B8YyUVJdVDeozFQg,championsleague,Sports
